location_id,country,state,city,station
100,India,,,
101,India,Andhra_Pradesh,Amaravati,"Secretariat, Amaravati - APPCB"
102,India,Andhra_Pradesh,Anantapur,"Gulzarpet, Anantapur - APPCB"
103,India,Andhra_Pradesh,Chittoor,"Gangineni Cheruvu, Chittoor - APPCB"
104,India,Andhra_Pradesh,Kadapa,"Yerramukkapalli, Kadapa - APPCB"
105,India,Andhra_Pradesh,Rajamahendravaram,"Anand Kala Kshetram, Rajamahendravaram - APPCB"
106,India,Andhra_Pradesh,Tirupati,"Tirumala, Tirupati - APPCB"
107,India,Andhra_Pradesh,Tirupati,"Vaikuntapuram, Tirupati - APPCB"
108,India,Andhra_Pradesh,Vijayawada,"HB Colony, Vijayawada - APPCB"
109,India,Andhra_Pradesh,Vijayawada,"Rajiv Gandhi Park, Vijayawada - APPCB"
110,India,Andhra_Pradesh,Visakhapatnam,"GVM Corporation, Visakhapatnam - APPCB"
111,India,Arunachal_Pradesh,Naharlagun,"Naharlagun, Naharlagun - APSPCB"
112,India,Assam,Byrnihat,"Central Academy for SFS, Byrnihat - PCBA"
113,India,Assam,Guwahati,"IITG, Guwahati - PCBA"
114,India,Assam,Guwahati,"LGBI Airport, Guwahati - PCBA"
115,India,Assam,Guwahati,"Pan Bazaar, Guwahati - PCBA"
116,India,Assam,Guwahati,"Railway Colony, Guwahati - PCBA"
117,India,Assam,Nagaon,"Christianpatty, Nagaon - PCBA"
118,India,Assam,Nalbari,"Bata Chowk, Nalbari - PCBA"
119,India,Assam,Silchar,"Tarapur, Silchar - PCBA"
120,India,Assam,Sivasagar,"Girls College, Sivasagar - PCBA"
121,India,Bihar,Araria,"Kharahiya Basti, Araria - BSPCB"
122,India,Bihar,Arrah,"New DM Office, Arrah - BSPCB"
123,India,Bihar,Aurangabad,"Gurdeo Nagar, Aurangabad - BSPCB"
124,India,Bihar,Bettiah,"Kamalnath Nagar, Bettiah - BSPCB"
125,India,Bihar,Bhagalpur,"DM Office_Kachari Chowk, Bhagalpur - BSPCB"
126,India,Bihar,Bhagalpur,"Mayaganj, Bhagalpur - BSPCB"
127,India,Bihar,Bihar Sharif,"D M Colony, Bihar Sharif - BSPCB"
128,India,Bihar,Chhapra,"Darshan Nagar, Chhapra - BSPCB"
129,India,Bihar,Gaya,"Collectorate, Gaya - BSPCB"
130,India,Bihar,Gaya,"Kareemganj, Gaya - BSPCB"
131,India,Bihar,Gaya,"SFTI Kusdihra, Gaya - BSPCB"
132,India,Bihar,Hajipur,"Industrial Area, Hajipur - BSPCB"
133,India,Bihar,Katihar,"Mirchaibari, Katihar - BSPCB"
134,India,Bihar,Kishanganj,"SDM Office_Khagra, Kishanganj - BSPCB"
135,India,Bihar,Manguraha,"Forest Rest House, Manguraha - BSPCB"
136,India,Bihar,Motihari,"Gandak Colony, Motihari - BSPCB"
137,India,Bihar,Munger,"Town Hall, Munger - BSPCB"
138,India,Bihar,Muzaffarpur,"Buddha Colony, Muzaffarpur - BSPCB"
139,India,Bihar,Muzaffarpur,"MIT-Daudpur Kothi, Muzaffarpur - BSPCB"
140,India,Bihar,Muzaffarpur,"Muzaffarpur Collectorate, Muzaffarpur - BSPCB"
141,India,Bihar,Patna,"DRM Office Danapur, Patna - BSPCB"
142,India,Bihar,Patna,"Govt. High School Shikarpur, Patna - BSPCB"
143,India,Bihar,Patna,"IGSC Planetarium Complex, Patna - BSPCB"
144,India,Bihar,Patna,"Muradpur, Patna - BSPCB"
145,India,Bihar,Patna,"Rajbansi Nagar, Patna - BSPCB"
146,India,Bihar,Patna,"Samanpura, Patna - BSPCB"
147,India,Bihar,Rajgir,"Dangi Tola, Rajgir - BSPCB"
148,India,Bihar,Saharsa,"Police Line, Saharsa - BSPCB"
149,India,Bihar,Samastipur,"DM Office_Kasipur, Samastipur - BSPCB"
150,India,Bihar,Sasaram,"Dada Peer, Sasaram - BSPCB"
151,India,Bihar,Siwan,"Chitragupta Nagar, Siwan - BSPCB"
152,India,Chandigarh,Chandigarh,"Sector 22, Chandigarh - CPCC"
153,India,Chandigarh,Chandigarh,"Sector-25, Chandigarh - CPCC"
154,India,Chandigarh,Chandigarh,"Sector-53, Chandigarh - CPCC"
155,India,Chhattisgarh,Bhilai,"32Bungalows, Bhilai - CECB"
156,India,Chhattisgarh,Bhilai,"Civic Center, Bhilai - Bhilai Steel Plant"
157,India,Chhattisgarh,Bhilai,"Hathkhoj, Bhilai - CECB"
158,India,Chhattisgarh,Bilaspur,"Mangala, Bilaspur - NTPC"
159,India,Chhattisgarh,Chhal,"Nawapara SECL Colony, Chhal - CECB"
160,India,Chhattisgarh,Korba,"Rampur, Korba - CECB"
161,India,Chhattisgarh,Korba,"Urja Nagar, Korba - CECB"
162,India,Chhattisgarh,Kunjemura,"OP Jindal School, Kunjemura - CECB"
163,India,Chhattisgarh,Milupara,"Govt. Higher Secondary School, Milupara - CECB"
164,India,Chhattisgarh,Raipur,"Bhatagaon New ISBT, Raipur - CECB"
165,India,Chhattisgarh,Raipur,"Krishak Nagar, Raipur - CECB"
166,India,Chhattisgarh,Raipur,"Siltara Phase-II, Raipur - CECB"
167,India,Chhattisgarh,Tumidih,"OP Jindal Industrial Park, Tumidih - CECB"
168,India,Delhi,Delhi,"Alipur, Delhi - DPCC"
169,India,Delhi,Delhi,"Anand Vihar, Delhi - DPCC"
170,India,Delhi,Delhi,"Ashok Vihar, Delhi - DPCC"
171,India,Delhi,Delhi,"Aya Nagar, Delhi - IMD"
172,India,Delhi,Delhi,"Bawana, Delhi - DPCC"
173,India,Delhi,Delhi,"Burari Crossing, Delhi - IMD"
174,India,Delhi,Delhi,"CRRI Mathura Road, Delhi - IMD"
175,India,Delhi,Delhi,"DTU, Delhi - CPCB"
176,India,Delhi,Delhi,"Dr. Karni Singh Shooting Range, Delhi - DPCC"
177,India,Delhi,Delhi,"Dwarka-Sector 8, Delhi - DPCC "
178,India,Delhi,Delhi,"IGI Airport (T3), Delhi - IMD"
179,India,Delhi,Delhi,"IHBAS, Dilshad Garden, Delhi - CPCB"
180,India,Delhi,Delhi,"ITO, Delhi - CPCB"
181,India,Delhi,Delhi,"Jahangirpuri, Delhi - DPCC"
182,India,Delhi,Delhi,"Jawaharlal Nehru Stadium, Delhi - DPCC"
183,India,Delhi,Delhi,"Lodhi Road, Delhi - IITM"
184,India,Delhi,Delhi,"Lodhi Road, Delhi - IMD"
185,India,Delhi,Delhi,"Major Dhyan Chand National Stadium, Delhi - DPCC"
186,India,Delhi,Delhi,"Mandir Marg, Delhi - DPCC"
187,India,Delhi,Delhi,"Mundka, Delhi - DPCC"
188,India,Delhi,Delhi,"NSIT Dwarka, Delhi - CPCB"
189,India,Delhi,Delhi,"Najafgarh, Delhi - DPCC"
190,India,Delhi,Delhi,"Narela, Delhi - DPCC"
191,India,Delhi,Delhi,"Nehru Nagar, Delhi - DPCC"
192,India,Delhi,Delhi,"New Moti Bagh, Delhi - MHUA"
193,India,Delhi,Delhi,"Okhla Phase-2, Delhi - DPCC"
194,India,Delhi,Delhi,"Patparganj, Delhi - DPCC"
195,India,Delhi,Delhi,"Punjabi Bagh, Delhi - DPCC"
196,India,Delhi,Delhi,"Pusa, Delhi - DPCC"
197,India,Delhi,Delhi,"Pusa, Delhi - IMD"
198,India,Delhi,Delhi,"R K Puram, Delhi - DPCC"
199,India,Delhi,Delhi,"Rohini, Delhi - DPCC"
200,India,Delhi,Delhi,"Shadipur, Delhi - CPCB"
201,India,Delhi,Delhi,"Sirifort, Delhi - CPCB"
202,India,Delhi,Delhi,"Sonia Vihar, Delhi - DPCC"
203,India,Delhi,Delhi,"Sri Aurobindo Marg, Delhi - DPCC"
204,India,Delhi,Delhi,"Vivek Vihar, Delhi - DPCC"
205,India,Delhi,Delhi,"Wazirpur, Delhi - DPCC"
206,India,Gujarat,Ahmedabad,"Chandkheda, Ahmedabad - IITM"
207,India,Gujarat,Ahmedabad,"Gyaspur, Ahmedabad - IITM"
208,India,Gujarat,Ahmedabad,"Maninagar, Ahmedabad - GPCB"
209,India,Gujarat,Ahmedabad,"Raikhad, Ahmedabad - IITM"
210,India,Gujarat,Ahmedabad,"Rakhial, Ahmedabad - IITM"
211,India,Gujarat,Ahmedabad,"SAC ISRO Bopal, Ahmedabad - IITM"
212,India,Gujarat,Ahmedabad,"SAC ISRO Satellite, Ahmedabad - IITM"
213,India,Gujarat,Ahmedabad,"SVPI Airport Hansol, Ahmedabad - IITM"
214,India,Gujarat,Ahmedabad,"Sardar Vallabhbhai Patel Stadium, Ahmedabad - IITM"
215,India,Gujarat,Ankleshwar,"GIDC, Ankleshwar - GPCB"
216,India,Gujarat,Gandhinagar,"GIFT City, Gandhinagar - IITM"
217,India,Gujarat,Gandhinagar,"IIPHG Lekawada, Gandhinagar - IITM"
218,India,Gujarat,Gandhinagar,"Sector-10, Gandhinagar - GPCB"
219,India,Gujarat,Surat,"Science Center, Surat - SMC"
220,India,Gujarat,Vapi,"Phase-1 GIDC, Vapi - GPCB"
221,India,Gujarat,Vatva,"Phase-4 GIDC, Vatva - GPCB"
222,India,Haryana,Ambala,"Patti Mehar, Ambala - HSPCB"
223,India,Haryana,Bahadurgarh,"Arya Nagar, Bahadurgarh - HSPCB"
224,India,Haryana,Ballabgarh,"Nathu Colony, Ballabgarh - HSPCB"
225,India,Haryana,Bhiwani,"H.B. Colony, Bhiwani - HSPCB"
226,India,Haryana,Charkhi Dadri,"Mini Secretariat, Charkhi Dadri - HSPCB"
227,India,Haryana,Dharuhera,"Municipal Corporation Office, Dharuhera -  HSPCB"
228,India,Haryana,Faridabad,"Sector 11, Faridabad - HSPCB"
229,India,Haryana,Faridabad,"Sector 30, Faridabad - HSPCB"
230,India,Haryana,Faridabad,"Sector- 16A, Faridabad - HSPCB"
231,India,Haryana,Fatehabad,"Huda Sector, Fatehabad - HSPCB"
232,India,Haryana,Gurugram,"NISE Gwal Pahari, Gurugram - IMD"
233,India,Haryana,Gurugram,"Sector-51, Gurugram - HSPCB"
234,India,Haryana,Gurugram,"Teri Gram, Gurugram - HSPCB"
235,India,Haryana,Gurugram,"Vikas Sadan, Gurugram - HSPCB"
236,India,Haryana,Hisar,"Urban Estate-II, Hisar - HSPCB"
237,India,Haryana,Jind,"Police Lines, Jind - HSPCB"
238,India,Haryana,Kaithal,"Rishi Nagar, Kaithal - HSPCB"
239,India,Haryana,Karnal,"Sector-12, Karnal - HSPCB"
240,India,Haryana,Kurukshetra,"Sector-7, Kurukshetra - HSPCB"
241,India,Haryana,Mandikhera,"General Hospital, Mandikhera - HSPCB"
242,India,Haryana,Manesar,"Sector-2 IMT, Manesar - HSPCB"
243,India,Haryana,Narnaul,"Shastri Nagar, Narnaul - HSPCB"
244,India,Haryana,Palwal,"Shyam Nagar, Palwal - HSPCB"
245,India,Haryana,Panchkula,"Sector-6, Panchkula - HSPCB "
246,India,Haryana,Panipat,"Sector-18, Panipat - HSPCB"
247,India,Haryana,Rohtak,"MD University, Rohtak - HSPCB"
248,India,Haryana,Sirsa,"F-Block, Sirsa - HSPCB"
249,India,Haryana,Sonipat,"Murthal, Sonipat - HSPCB"
250,India,Haryana,Yamuna Nagar,"Gobind Pura, Yamuna Nagar - HSPCB"
251,India,Himachal Pradesh,Baddi,"HIMUDA Complex Phase-1, Baddi - HPPCB"
252,India,Jharkhand,Dhanbad,"Sardar Patel Nagar, Dhanbad - JSPCB"
253,India,Karnataka,Bagalkot,"Vidayagiri, Bagalkot - KSPCB"
254,India,Karnataka,Belgaum,"Ramteerth Nagar, Belgaum - KSPCB"
255,India,Karnataka,Bengaluru,"BTM Layout, Bengaluru - CPCB"
256,India,Karnataka,Bengaluru,"Bapuji Nagar, Bengaluru - KSPCB"
257,India,Karnataka,Bengaluru,"City Railway Station, Bengaluru - KSPCB"
258,India,Karnataka,Bengaluru,"Hebbal, Bengaluru - KSPCB"
259,India,Karnataka,Bengaluru,"Hombegowda Nagar, Bengaluru - KSPCB"
260,India,Karnataka,Bengaluru,"Jayanagar 5th Block, Bengaluru - KSPCB"
261,India,Karnataka,Bengaluru,"Jigani, Bengaluru - KSPCB"
262,India,Karnataka,Bengaluru,"Kasturi Nagar, Bengaluru - KSPCB"
263,India,Karnataka,Bengaluru,"Peenya, Bengaluru - CPCB"
264,India,Karnataka,Bengaluru,"RVCE-Mailasandra, Bengaluru - KSPCB"
265,India,Karnataka,Bengaluru,"Silk Board, Bengaluru - KSPCB"
266,India,Karnataka,Bidar,"Naubad, Bidar - KSPCB"
267,India,Karnataka,Chamarajanagar,"Urban, Chamarajanagar - KSPCB"
268,India,Karnataka,Chikkaballapur,"Chikkaballapur Rural, Chikkaballapur - KSPCB"
269,India,Karnataka,Chikkamagaluru,"Kalyana Nagara, Chikkamagaluru - KSPCB"
270,India,Karnataka,Davanagere,"Devaraj Urs Badavane, Davanagere - KSPCB"
271,India,Karnataka,Dharwad,"Kalabhavan, Dharwad - KSPCB"
272,India,Karnataka,Haveri,"Ashwini Nagar, Haveri - KSPCB"
273,India,Karnataka,Hubballi,"Deshpande Nagar, Hubballi - KSPCB"
274,India,Karnataka,Hubballi,"Lingaraj Nagar, Hubballi - KSPCB"
275,India,Karnataka,Kalaburagi,"Lal Bahadur Shastri Nagar, Kalaburagi - KSPCB"
276,India,Karnataka,Kalaburagi,"Mahatma Basaveswar Colony, Kalaburgi - KSPCB"
277,India,Karnataka,Karwar,"KHB Colony, Karwar - KSPCB"
278,India,Karnataka,Kolar,"Tamaka Ind. Area, Kolar - KSPCB"
279,India,Karnataka,Koppal,"Diwator Nagar, Koppal - KSPCB"
280,India,Karnataka,Madikeri,"Stuart Hill, Madikeri - KSPCB"
281,India,Karnataka,Mangalore,"Kadri, Mangalore - KSPCB"
282,India,Karnataka,Mysuru,"Hebbal 1st Stage, Mysuru - KSPCB"
283,India,Karnataka,Shivamogga,"Vinoba Nagara, Shivamogga - KSPCB"
284,India,Karnataka,Tumakuru,"Thimmalapura, Tumakuru - KSPCB"
285,India,Karnataka,Udupi,"Brahmagiri, Udupi - KSPCB"
286,India,Karnataka,Vijayapura,"Ibrahimpur, Vijayapura - KSPCB"
287,India,Karnataka,Yadgir,"Collector Office, Yadgir - KSPCB"
288,India,Kerala,Eloor,"Udyogamandal, Eloor - Kerala PCB"
289,India,Kerala,Kannur,"Thavakkara, Kannur - Kerala PCB"
290,India,Kerala,Kollam,"Polayathode, Kollam - Kerala PCB"
291,India,Kerala,Thiruvananthapuram,"Kariavattom, Thiruvananthapuram - Kerala PCB"
292,India,Kerala,Thiruvananthapuram,"Plammoodu, Thiruvananthapuram - Kerala PCB"
293,India,Kerala,Thrissur,"Corporation Ground, Thrissur - Kerala PCB"
294,India,Madhya Pradesh,Bhopal,"Idgah Hills, Bhopal - MPPCB"
295,India,Madhya Pradesh,Bhopal,"Paryavaran Parisar, Bhopal - MPPCB"
296,India,Madhya Pradesh,Bhopal,"T T Nagar, Bhopal - MPPCB"
297,India,Madhya Pradesh,Dewas,"Bhopal Chauraha, Dewas - MPPCB"
298,India,Madhya Pradesh,Gwalior,"City Center, Gwalior - MPPCB"
299,India,Madhya Pradesh,Gwalior,"Deen Dayal Nagar, Gwalior - MPPCB"
300,India,Madhya Pradesh,Gwalior,"Maharaj Bada, Gwalior - MPPCB"
301,India,Madhya Pradesh,Gwalior,"Phool Bagh, Gwalior - Mondelez Ind. Food"
302,India,Madhya Pradesh,Indore,"Chhoti Gwaltoli, Indore - MPPCB"
303,India,Madhya Pradesh,Indore,"Maguda Nagar, Indore - IMC"
304,India,Madhya Pradesh,Indore,"Regional Park, Indore - IMC"
305,India,Madhya Pradesh,Indore,"Residency Area, Indore - IMC"
306,India,Madhya Pradesh,Jabalpur,"Govindh Bhavan Colony, Jabalpur - JMC"
307,India,Madhya Pradesh,Jabalpur,"Gupteshwar, Jabalpur - JMC"
308,India,Madhya Pradesh,Jabalpur,"Marhatal, Jabalpur - MPPCB"
309,India,Madhya Pradesh,Jabalpur,"Suhagi, Jabalpur - JMC"
310,India,Madhya Pradesh,Katni,"Gole Bazar, Katni - MPPCB"
311,India,Madhya Pradesh,Maihar,"Sahilara, Maihar - KJS Cements"
312,India,Madhya Pradesh,Pithampur,"Sector-2 Industrial Area, Pithampur - MPPCB"
313,India,Madhya Pradesh,Ratlam,"Shasthri Nagar, Ratlam - IPCA Lab"
314,India,Madhya Pradesh,Sagar,"Civil Lines, Sagar - MPPCB"
315,India,Madhya Pradesh,Sagar,"Deen Dayal Nagar, Sagar - MPPCB"
316,India,Madhya Pradesh,Satna,"Bandhavgar Colony, Satna - Birla Cement"
317,India,Madhya Pradesh,Singrauli,"Suryakiran Bhawan NCL, Singrauli - MPPCB"
318,India,Madhya Pradesh,Ujjain,"Mahakaleshwar Temple, Ujjain - MPPCB"
319,India,Maharashtra,Ahmednagar,"Tarakpur, Ahmednagar - MPCB"
320,India,Maharashtra,Akola,"Ramdaspeth, Akola - MPCB"
321,India,Maharashtra,Amravati,"Shivneri Colony, Amravati - MPCB"
322,India,Maharashtra,Amravati,"Shri Shivaji Science College, Amaravati - MPCB"
323,India,Maharashtra,Aurangabad,"MIDC Chilkalthana, Aurangabad - MPCB"
324,India,Maharashtra,Aurangabad,"Rachnakar Colony, Aurangabad - MPCB"
325,India,Maharashtra,Badlapur,"Katrap, Badlapur - MPCB"
326,India,Maharashtra,Belapur,"CBD Belapur, Belapur - MPCB"
327,India,Maharashtra,Boisar,"Khaira, Boisar - MPCB"
328,India,Maharashtra,Chandrapur,"Chauhan Colony, Chandrapur - MPCB"
329,India,Maharashtra,Dhule,"Deopur, Dhule - MPCB"
330,India,Maharashtra,Jalgaon,"Prabhat Colony, Jalgaon - MPCB"
331,India,Maharashtra,Jalna,"Old MIDC, Jalna - MPCB"
332,India,Maharashtra,Kalyan,"Khadakpada, Kalyan - MPCB"
333,India,Maharashtra,Kolhapur,"Shivaji University, Kolhapur - MPCB"
334,India,Maharashtra,Kolhapur,"Sinchan Bhavan, Kolhapur - MPCB"
335,India,Maharashtra,Latur,"Sawe Wadi, Latur - MPCB"
336,India,Maharashtra,Mahad,"Kamble Tarf Birwadi, Mahad - MPCB"
337,India,Maharashtra,Malegaon,"Mahesh Nagar, Malegaon - MPCB"
338,India,Maharashtra,Mira-Bhayandar,"Bhayandar West, Mira-Bhayandar - MPCB"
339,India,Maharashtra,Mumbai,"Bandra Kurla Complex, Mumbai - MPCB"
340,India,Maharashtra,Mumbai,"Borivali East, Mumbai - MPCB"
341,India,Maharashtra,Mumbai,"Byculla, Mumbai - BMC"
342,India,Maharashtra,Mumbai,"Chakala-Andheri East, Mumbai - IITM"
343,India,Maharashtra,Mumbai,"Chembur, Mumbai - MPCB"
344,India,Maharashtra,Mumbai,"Chhatrapati Shivaji Intl. Airport (T2), Mumbai - MPCB"
345,India,Maharashtra,Mumbai,"Colaba, Mumbai - MPCB"
346,India,Maharashtra,Mumbai,"Deonar, Mumbai - IITM"
347,India,Maharashtra,Mumbai,"Ghatkopar, Mumbai - BMC"
348,India,Maharashtra,Mumbai,"Kandivali East, Mumbai - MPCB"
349,India,Maharashtra,Mumbai,"Kherwadi_Bandra East, Mumbai - MPCB"
350,India,Maharashtra,Mumbai,"Khindipada-Bhandup West, Mumbai - IITM"
351,India,Maharashtra,Mumbai,"Kurla, Mumbai - MPCB"
352,India,Maharashtra,Mumbai,"Mazgaon, Mumbai - IITM"
353,India,Maharashtra,Mumbai,"Mindspace-Malad West, Mumbai - MPCB"
354,India,Maharashtra,Mumbai,"Mulund West, Mumbai - MPCB"
355,India,Maharashtra,Mumbai,"Navy Nagar-Colaba, Mumbai - IITM"
356,India,Maharashtra,Mumbai,"Powai, Mumbai - MPCB"
357,India,Maharashtra,Mumbai,"Sewri, Mumbai - BMC"
358,India,Maharashtra,Mumbai,"Shivaji Nagar, Mumbai - BMC"
359,India,Maharashtra,Mumbai,"Siddharth Nagar-Worli, Mumbai - IITM"
360,India,Maharashtra,Mumbai,"Sion, Mumbai - MPCB"
361,India,Maharashtra,Mumbai,"Vasai West, Mumbai - MPCB"
362,India,Maharashtra,Mumbai,"Vile Parle West, Mumbai - MPCB"
363,India,Maharashtra,Mumbai,"Worli, Mumbai - MPCB"
364,India,Maharashtra,Nagpur,"Ambazari, Nagpur - MPCB"
365,India,Maharashtra,Nagpur,"Mahal, Nagpur - MPCB"
366,India,Maharashtra,Nagpur,"Opp GPO Civil Lines, Nagpur - MPCB"
367,India,Maharashtra,Nagpur,"Ram Nagar, Nagpur - MPCB"
368,India,Maharashtra,Nanded,"Sneh Nagar, Nanded - MPCB"
369,India,Maharashtra,Nashik,"Gangapur Road, Nashik - MPCB"
370,India,Maharashtra,Nashik,"Hirawadi, Nashik - MPCB"
371,India,Maharashtra,Nashik,"MIDC Ambad, Nashik - MPCB"
372,India,Maharashtra,Nashik,"Pandav Nagari, Nashik - MPCB"
373,India,Maharashtra,Navi Mumbai,"Kopripada-Vashi, Navi Mumbai - MPCB"
374,India,Maharashtra,Navi Mumbai,"Mahape, Navi Mumbai - MPCB"
375,India,Maharashtra,Navi Mumbai,"Nerul, Navi Mumbai - MPCB"
376,India,Maharashtra,Navi Mumbai,"Sanpada, Navi Mumbai - MPCB"
377,India,Maharashtra,Navi Mumbai,"Sector-19A Nerul, Navi Mumbai - IITM"
378,India,Maharashtra,Navi Mumbai,"Sector-2E Kalamboli, Navi Mumbai - MPCB"
379,India,Maharashtra,Navi Mumbai,"Tondare-Taloja, Navi Mumbai - MPCB"
380,India,Maharashtra,Parbhani,"Masoom Colony, Parbhani - MPCB"
381,India,Maharashtra,Pimpri-Chinchwad,"Gavalinagar, Pimpri Chinchwad - MPCB"
382,India,Maharashtra,Pimpri-Chinchwad,"Park Street Wakad, Pimpri Chinchwad - MPCB"
383,India,Maharashtra,Pune,"Alandi, Pune - IITM"
384,India,Maharashtra,Pune,"Bhosari, Pune - IITM"
385,India,Maharashtra,Pune,"Karve Road, Pune - MPCB"
386,India,Maharashtra,Pune,"Katraj Dairy, Pune - MPCB"
387,India,Maharashtra,Pune,"Mhada Colony, Pune - IITM"
388,India,Maharashtra,Pune,"Revenue Colony-Shivajinagar, Pune - IITM"
389,India,Maharashtra,Pune,"Savitribai Phule Pune University, Pune - MPCB"
390,India,Maharashtra,Pune,"Transport Nagar-Nigdi, Pune - IITM"
391,India,Maharashtra,Sangli,"Vijay Nagar, Sangli - MPCB"
392,India,Maharashtra,Solapur,"Dnyaneshwar Nagar, Solapur - MPCB"
393,India,Maharashtra,Solapur,"Ratandeep Housing Society, Solapur - MPCB"
394,India,Maharashtra,Solapur,"Solapur, Solapur - MPCB"
395,India,Maharashtra,Thane,"Kasarvadavali, Thane - MPCB"
396,India,Maharashtra,Thane,"Upvan Fort, Thane - MPCB"
397,India,Maharashtra,Ulhasnagar,"Sidhi Vinayak Nagar, Ulhasnagar - MPCB"
398,India,Maharashtra,Virar,"Bolinj, Virar - MPCB"
399,India,Manipur,Imphal,"DM College of Science, Imphal - Manipur PCB"
400,India,Manipur,Imphal,"Manipur University, Imphal - Manipur PCB"
401,India,Meghalaya,Shillong,"JN Stadium, Shillong - Meghalaya PCB"
402,India,Meghalaya,Shillong,"Lumpyngngad, Shillong - Meghalaya PCB"
403,India,Mizoram,Aizawl,"Sikulpuikawn, Aizawl - Mizoram PCB"
404,India,Nagaland,Kohima,"PWD Juction, Kohima - NPCB"
405,India,Odisha,Angul,"Hakimapada, Angul - OSPCB"
406,India,Odisha,Balasore,"Kalidaspur, Balasore - OSPCB"
407,India,Odisha,Barbil,"Forest Office, Barbil - OSPCB"
408,India,Odisha,Baripada,"Meher Colony, Baripada - OSPCB"
409,India,Odisha,Bhubaneswar,"Lingraj Mandir, Bhubaneswar - OSPCB"
410,India,Odisha,Bhubaneswar,"Patia, Bhubaneswar - OSPCB"
411,India,Odisha,Bileipada,"Tata Township, Bileipada - OSPCB"
412,India,Odisha,Brajrajnagar,"GM Office, Brajrajnagar - OSPCB"
413,India,Odisha,Byasanagar,"Ferro Chrome Colony, Byasanagar - OSPCB"
414,India,Odisha,Cuttack,"CDA Area, Cuttack - OSPCB"
415,India,Odisha,Keonjhar,"Jagamohanpur, Keonjhar - OSPCB"
416,India,Odisha,Rairangpur,"Divisional Forest Office, Rairangpur - OSPCB"
417,India,Odisha,Rourkela,"Fertilizer Township, Rourkela - OSPCB"
418,India,Odisha,Rourkela,"Raghunathpali, Rourkela - OSPCB"
419,India,Odisha,Rourkela,"Sector-2, Rourkela - OSPCB"
420,India,Odisha,Suakati,"OMC Colony, Suakati - OSPCB"
421,India,Odisha,Talcher,"Talcher Coalfields,Talcher - OSPCB"
422,India,Odisha,Tensa,"Barsua Iron Ore Mines, Tensa - OSPCB"
423,India,Puducherry,Puducherry,"Jawahar Nagar, Puducherry - PPCC"
424,India,Punjab,Amritsar,"Golden Temple, Amritsar - PPCB"
425,India,Punjab,Bathinda,"Hardev Nagar, Bathinda - PPCB"
426,India,Punjab,Jalandhar,"Civil Line, Jalandhar - PPCB"
427,India,Punjab,Khanna,"Kalal Majra, Khanna - PPCB"
428,India,Punjab,Ludhiana,"Punjab Agricultural University, Ludhiana - PPCB"
429,India,Punjab,Mandi Gobindgarh,"RIMT University, Mandi Gobindgarh - PPCB"
430,India,Punjab,Patiala,"Model Town, Patiala - PPCB"
431,India,Punjab,Rupnagar,"Ratanpura, Rupnagar - Ambuja Cements"
432,India,Rajasthan,Ajmer,"Civil Lines,  Ajmer - RSPCB"
433,India,Rajasthan,Alwar,"Moti Doongri, Alwar - RSPCB"
434,India,Rajasthan,Banswara,"Rati Talai, Banswara - RSPCB"
435,India,Rajasthan,Baran,"Bamboliya, Baran - RSPCB"
436,India,Rajasthan,Barmer,"Railway Colony, Barmer - RSPCB"
437,India,Rajasthan,Bharatpur,"Krishna Nagar, Bharatpur - RSPCB"
438,India,Rajasthan,Bhilwara,"Pratap Nagar, Bhilwara - RSPCB"
439,India,Rajasthan,Bhiwadi,"RIICO Ind. Area III, Bhiwadi - RSPCB"
440,India,Rajasthan,Bikaner,"MM Ground, Bikaner - RSPCB"
441,India,Rajasthan,Bundi,"New Colony, Bundi - RSPCB"
442,India,Rajasthan,Chittorgarh,"Shastri Nagar, Chittorgarh - RSPCB"
443,India,Rajasthan,Churu,"Subash Chowk, Churu - RSPCB"
444,India,Rajasthan,Dausa,"Khatikan Mohalla, Dausa - RSPCB"
445,India,Rajasthan,Dholpur,"Raja Ganj, Dholpur - RSPCB"
446,India,Rajasthan,Dungarpur,"Bhoiwada, Dungarpur - RSPCB"
447,India,Rajasthan,Hanumangarh,"Housing Board, Hanumangarh - RSPCB"
448,India,Rajasthan,Jaipur,"Adarsh Nagar, Jaipur - RSPCB"
449,India,Rajasthan,Jaipur,"Mansarovar Sector-12, Jaipur - RSPCB"
450,India,Rajasthan,Jaipur,"Police Commissionerate, Jaipur - RSPCB"
451,India,Rajasthan,Jaipur,"RIICO Sitapura, Jaipur - RSPCB"
452,India,Rajasthan,Jaipur,"Sector-2 Murlipura, Jaipur - RSPCB"
453,India,Rajasthan,Jaipur,"Shastri Nagar, Jaipur - RSPCB"
454,India,Rajasthan,Jaisalmer,"Sadar Bazar, Jaisalmer - RSPCB"
455,India,Rajasthan,Jalore,"Mudtra Sili, Jalore - RSPCB"
456,India,Rajasthan,Jhalawar,"Rajlaxmi Nagar, Jhalawar - RSPCB"
457,India,Rajasthan,Jhunjhunu,"Indra Nagar, Jhunjhunu - RSPCB"
458,India,Rajasthan,Jodhpur,"Collectorate, Jodhpur - RSPCB"
459,India,Rajasthan,Jodhpur,"Digari Kalan, Jodhpur - RSPCB"
460,India,Rajasthan,Jodhpur,"Jhalamand, Jodhpur - RSPCB"
461,India,Rajasthan,Jodhpur,"Mandor, Jodhpur - RSPCB"
462,India,Rajasthan,Jodhpur,"Samrat Ashok Udhyan, Jodhpur - RSPCB"
463,India,Rajasthan,Karauli,"Satyawati Vihar, Karauli - RSPCB"
464,India,Rajasthan,Kota,"Dhanmandi, Kota - RSPCB"
465,India,Rajasthan,Kota,"Nayapura, Kota - RSPCB"
466,India,Rajasthan,Kota,"Shrinath Puram, Kota - RSPCB"
467,India,Rajasthan,Nagaur,"Karni Colony, Nagaur - RSPCB"
468,India,Rajasthan,Pali,"Indira Colony Vistar, Pali - RSPCB"
469,India,Rajasthan,Pratapgarh,"Pragati Nagar, Pratapgarh - RSPCB"
470,India,Rajasthan,Rajsamand,"Dhoinda, Rajsamand - RSPCB"
471,India,Rajasthan,Sawai Madhopur,"Sahu Nagar, Sawai Madhopur - RSPCB"
472,India,Rajasthan,Sikar,"Radhakishan Pura, Sikar - RSPCB"
473,India,Rajasthan,Sirohi,"Vedhaynath Colony, Sirohi - RSPCB"
474,India,Rajasthan,Sri Ganganagar,"Old City, Sri Ganganagar - RSPCB"
475,India,Rajasthan,Tonk,"Shastri Nagar, Tonk - RSPCB"
476,India,Rajasthan,Udaipur,"Ashok Nagar, Udaipur - RSPCB"
477,India,Sikkim,Gangtok,"Zero Point GICI, Gangtok - SSPCB"
478,India,TamilNadu,Ariyalur,"Keelapalur, Ariyalur - TNPCB"
479,India,TamilNadu,Chengalpattu,"Crescent University, Chengalpattu - TNPCB"
480,India,TamilNadu,Chennai,"Alandur Bus Depot, Chennai - CPCB"
481,India,TamilNadu,Chennai,"Arumbakkam, Chennai - TNPCB"
482,India,TamilNadu,Chennai,"Gandhi Nagar_Ennore, Chennai - TNPCB"
483,India,TamilNadu,Chennai,"Manali, Chennai - CPCB"
484,India,TamilNadu,Chennai,"Perungudi, Chennai - TNPCB"
485,India,TamilNadu,Chennai,"Royapuram, Chennai - TNPCB"
486,India,TamilNadu,Chennai,"Velachery Res. Area, Chennai - CPCB"
487,India,TamilNadu,Coimbatore,"PSG College of Arts and Science, Coimbatore - TNPCB"
488,India,TamilNadu,Cuddalore,"Kudikadu, Cuddalore - TNPCB"
489,India,TamilNadu,Cuddalore,"Semmandalam, Cuddalore - TNPCB"
490,India,TamilNadu,Gummidipoondi,"Anthoni Pillai Nagar, Gummidipoondi - TNPCB"
491,India,TamilNadu,Ooty,"Bombay Castel, Ooty - TNPCB"
492,India,TamilNadu,Palkalaiperur,"Bharathidasan University, Palkalaiperur - TNPCB"
493,India,TamilNadu,Ramanathapuram,"Chalai Bazaar, Ramanathapuram - TNPCB"
494,India,TamilNadu,Thoothukudi,"Meelavittan, Thoothukudi - TNPCB"
495,India,TamilNadu,Tirupur,"Kumaran College, Tirupur - TNPCB"
496,India,TamilNadu,Vellore,"Vasanthapuram, Vellore - TNPCB"
497,India,TamilNadu,Virudhunagar,"Collectorate Office, Virudhunagar - TNPCB"
498,India,Telangana,Hyderabad,"Bollaram Industrial Area, Hyderabad - TSPCB"
499,India,Telangana,Hyderabad,"Central University, Hyderabad - TSPCB"
500,India,Telangana,Hyderabad,"ECIL Kapra, Hyderabad - TSPCB"
501,India,Telangana,Hyderabad,"ICRISAT Patancheru, Hyderabad - TSPCB"
502,India,Telangana,Hyderabad,"Kompally Municipal Office, Hyderabad - TSPCB"
503,India,Telangana,Hyderabad,"Nacharam_TSIIC IALA, Hyderabad - TSPCB"
504,India,Telangana,Hyderabad,"New Malakpet, Hyderabad - TSPCB"
505,India,Telangana,Hyderabad,"Sanathnagar, Hyderabad - TSPCB"
506,India,Telangana,Hyderabad,"Zoo Park, Hyderabad - TSPCB"
507,India,Tripura,Agartala,"Bardowali, Agartala - Tripura SPCB"
508,India,Uttar_Pradesh,Agra,"Manoharpur, Agra - UPPCB"
509,India,Uttar_Pradesh,Agra,"Rohta, Agra - UPPCB"
510,India,Uttar_Pradesh,Agra,"Sanjay Palace, Agra - UPPCB"
511,India,Uttar_Pradesh,Agra,"Sector-3B Avas Vikas Colony, Agra - UPPCB"
512,India,Uttar_Pradesh,Agra,"Shahjahan Garden, Agra - UPPCB"
513,India,Uttar_Pradesh,Agra,"Shastripuram, Agra - UPPCB"
514,India,Uttar_Pradesh,Baghpat,"Sardar Patel Inter College, Baghpat - UPPCB"
515,India,Uttar_Pradesh,Bareilly,"Rajendra Nagar, Bareilly - UPPCB"
516,India,Uttar_Pradesh,Bulandshahr,"Yamunapuram, Bulandshahr - UPPCB"
517,India,Uttar_Pradesh,Firozabad,"Nagla Bhau, Firozabad - UPPCB"
518,India,Uttar_Pradesh,Firozabad,"Vibhab Nagar, Firozabad - UPPCB"
519,India,Uttar_Pradesh,Ghaziabad,"Indirapuram, Ghaziabad - UPPCB"
520,India,Uttar_Pradesh,Ghaziabad,"Loni, Ghaziabad - UPPCB"
521,India,Uttar_Pradesh,Ghaziabad,"Sanjay Nagar, Ghaziabad - UPPCB"
522,India,Uttar_Pradesh,Ghaziabad,"Vasundhara, Ghaziabad - UPPCB"
523,India,Uttar_Pradesh,Gorakhpur,"Madan Mohan Malaviya University of Technology, Gorakhpur - UPPCB"
524,India,Uttar_Pradesh,Greater Noida,"Knowledge Park - III, Greater Noida - UPPCB"
525,India,Uttar_Pradesh,Greater Noida,"Knowledge Park - V, Greater Noida - UPPCB"
526,India,Uttar_Pradesh,Hapur,"Anand Vihar, Hapur - UPPCB"
527,India,Uttar_Pradesh,Jhansi,"Shivaji Nagar, Jhansi - UPPCB"
528,India,Uttar_Pradesh,Kanpur,"FTI Kidwai Nagar, Kanpur - UPPCB"
529,India,Uttar_Pradesh,Kanpur,"NSI Kalyanpur, Kanpur - UPPCB"
530,India,Uttar_Pradesh,Kanpur,"Nehru Nagar, Kanpur - UPPCB"
531,India,Uttar_Pradesh,Khurja,"Kalindi Kunj, Khurja - UPPCB"
532,India,Uttar_Pradesh,Lucknow,"B R Ambedkar University, Lucknow - UPPCB"
533,India,Uttar_Pradesh,Lucknow,"Gomti Nagar, Lucknow - UPPCB"
534,India,Uttar_Pradesh,Lucknow,"Kendriya Vidyalaya, Lucknow - CPCB"
535,India,Uttar_Pradesh,Lucknow,"Kukrail Picnic Spot-1, Lucknow - UPPCB"
536,India,Uttar_Pradesh,Lucknow,"Lalbagh, Lucknow - CPCB"
537,India,Uttar_Pradesh,Lucknow,"Talkatora District Industries Center, Lucknow - CPCB"
538,India,Uttar_Pradesh,Meerut,"Ganga Nagar, Meerut - UPPCB"
539,India,Uttar_Pradesh,Meerut,"Jai Bhim Nagar, Meerut - UPPCB"
540,India,Uttar_Pradesh,Meerut,"Pallavpuram Phase 2, Meerut - UPPCB"
541,India,Uttar_Pradesh,Moradabad,"Buddhi Vihar, Moradabad - UPPCB"
542,India,Uttar_Pradesh,Moradabad,"Eco Herbal Park, Moradabad - UPPCB"
543,India,Uttar_Pradesh,Moradabad,"Employment Office, Moradabad - UPPCB"
544,India,Uttar_Pradesh,Moradabad,"Jigar Colony, Moradabad - UPPCB"
545,India,Uttar_Pradesh,Moradabad,"Kashiram Nagar, Moradabad - UPPCB"
546,India,Uttar_Pradesh,Moradabad,"Transport Nagar, Moradabad - UPPCB"
547,India,Uttar_Pradesh,Muzaffarnagar,"New Mandi, Muzaffarnagar - UPPCB"
548,India,Uttar_Pradesh,Noida,"Sector - 125, Noida - UPPCB"
549,India,Uttar_Pradesh,Noida,"Sector - 62, Noida - IMD"
550,India,Uttar_Pradesh,Noida,"Sector-1, Noida - UPPCB"
551,India,Uttar_Pradesh,Noida,"Sector-116, Noida - UPPCB"
552,India,Uttar_Pradesh,Prayagraj,"Jhunsi, Prayagraj - UPPCB"
553,India,Uttar_Pradesh,Prayagraj,"Motilal Nehru NIT, Prayagraj - UPPCB"
554,India,Uttar_Pradesh,Prayagraj,"Nagar Nigam, Prayagraj - UPPCB"
555,India,Uttar_Pradesh,Varanasi,"Ardhali Bazar, Varanasi - UPPCB"
556,India,Uttar_Pradesh,Varanasi,"Bhelupur, Varanasi - UPPCB"
557,India,Uttar_Pradesh,Varanasi,"IESD Banaras Hindu University, Varanasi - UPPCB"
558,India,Uttar_Pradesh,Varanasi,"Maldahiya, Varanasi - UPPCB"
559,India,Uttar_Pradesh,Vrindavan,"Omex Eternity, Vrindavan - UPPCB"
560,India,Uttarakhand,Dehradun,"Doon University, Dehradun - UKPCB"
561,India,Uttarakhand,Kashipur,"Govt. Girls Inter College, Kashipur - UKPCB"
562,India,Uttarakhand,Rishikesh,"Shivaji Nagar, Rishikesh - UKPCB"
563,India,West_Bengal,Asansol,"Asansol Court Area, Asansol - WBPCB"
564,India,West_Bengal,Barrackpore,"SVSPA Campus, Barrackpore - WBPCB"
565,India,West_Bengal,Durgapur,"Sidhu Kanhu Indoor Stadium, Durgapur - WBPCB"
566,India,West_Bengal,Haldia,"Priyambada Housing Estate, Haldia - WBPCB"
567,India,West_Bengal,Howrah,"Belur Math, Howrah - WBPCB"
568,India,West_Bengal,Howrah,"Ghusuri, Howrah - WBPCB"
569,India,West_Bengal,Howrah,"Padmapukur, Howrah - WBPCB"
570,India,West_Bengal,Kolkata,"Ballygunge, Kolkata - WBPCB"
571,India,West_Bengal,Kolkata,"Bidhannagar, Kolkata - WBPCB"
572,India,West_Bengal,Kolkata,"Fort William, Kolkata - WBPCB"
573,India,West_Bengal,Kolkata,"Jadavpur, Kolkata - WBPCB"
574,India,West_Bengal,Kolkata,"Rabindra Bharati University, Kolkata - WBPCB"
575,India,West_Bengal,Kolkata,"Rabindra Sarobar, Kolkata - WBPCB"
576,India,West_Bengal,Kolkata,"Victoria, Kolkata - WBPCB"
577,India,West_Bengal,Siliguri,"Ward-32 Bapupara, Siliguri - WBPCB"
